trade_id,ticker,keyword,date_str,earnings_date,direction,position_size,entry_price,model_prob,model_position,market_price,edge,actual_outcome,pnl,pnl_percent
1,AAPL,Share repurchase / Share buy-back / Share Buyback,25MAY,2025-05-01,no,61.64694428443909,0.98,0.6771113872528076,0.6164694428443909,0.99,-0.3128886127471924,1,-61.64694428443909,-1.0
2,AAPL,Battery life,25MAY,2025-05-01,no,44.799625873565674,0.98,0.7482819557189941,0.44799625873565674,0.99,-0.24171804428100585,1,-44.799625873565674,-1.0
3,AAPL,Augmented Reality /AR,25MAY,2025-05-01,yes,31.456920504570007,0.03,0.2892422676086426,0.3145692050457001,0.02,0.26924226760864256,0,-31.456920504570007,-1.0
4,AAPL,Apple silicon,25MAY,2025-05-01,no,47.28958010673523,0.98,0.7312876582145691,0.4728958010673523,0.99,-0.2587123417854309,1,-47.28958010673523,-1.0
5,AAPL,Apple Intelligence,25MAY,2025-05-01,no,51.76014304161072,0.98,0.7770783305168152,0.5176014304161072,0.99,-0.2129216694831848,1,-51.76014304161072,-1.0
6,AAPL,Wearables,25MAY,2025-05-01,no,38.711124658584595,0.98,0.7319328784942627,0.38711124658584595,0.99,-0.2580671215057373,1,-38.711124658584595,-1.0
7,AAPL,Vision Pro,25MAY,2025-05-01,no,44.46136653423309,0.98,0.7627489566802979,0.44461366534233093,0.99,-0.22725104331970214,1,-44.46136653423309,-1.0
8,AAPL,Chipset,25MAY,2025-05-01,yes,31.208649277687073,0.24000000000000002,0.3692219853401184,0.3120864927768707,0.23,0.1392219853401184,0,-31.20864927768707,-0.9999999999999999
9,AAPL,Upgrade Cycle,25MAY,2025-05-01,yes,35.59856414794922,0.02,0.4646032750606537,0.3559856414794922,0.01,0.4546032750606537,0,-35.59856414794922,-1.0
10,AAPL,Services,25MAY,2025-05-01,no,38.31048309803009,0.98,0.729613184928894,0.3831048309803009,0.99,-0.26038681507110595,1,-38.31048309803009,-1.0
11,AAPL,Privacy,25MAY,2025-05-01,no,39.25362527370453,0.98,0.7362354397773743,0.3925362527370453,0.99,-0.2537645602226257,1,-39.25362527370453,-1.0
12,AAPL,MacBook,25MAY,2025-05-01,no,41.167476773262024,0.98,0.7470155358314514,0.41167476773262024,0.99,-0.24298446416854858,1,-41.167476773262024,-1.0
13,AAPL,India / Indian,25MAY,2025-05-01,no,55.2040159702301,0.98,0.678195595741272,0.552040159702301,0.99,-0.311804404258728,1,-55.20401597023011,-1.0000000000000002
14,AAPL,China,25MAY,2025-05-01,no,39.91803526878357,0.98,0.7491707801818848,0.3991803526878357,0.99,-0.24082921981811523,1,-39.91803526878357,-1.0
15,AAPL,App Store margin,25MAY,2025-05-01,yes,29.37334179878235,0.02,0.33156245946884155,0.2937334179878235,0.01,0.32156245946884154,0,-29.37334179878235,-1.0
16,AAPL,Supply chain,25MAY,2025-05-01,no,60.841673612594604,0.98,0.5088537931442261,0.608416736125946,0.99,-0.4811462068557739,1,-60.841673612594604,-1.0
17,AAPL,Loyalty,25MAY,2025-05-01,no,37.74732053279877,0.98,0.7498131394386292,0.37747320532798767,0.99,-0.24018686056137084,1,-37.74732053279877,-1.0
18,AAPL,Ecosystem,25MAY,2025-05-01,no,49.1208553314209,0.98,0.5620051026344299,0.491208553314209,0.99,-0.42799489736557006,1,-49.1208553314209,-1.0
19,AAPL,Retail footprint,25MAY,2025-05-01,yes,30.89842200279236,0.02,0.3238959312438965,0.3089842200279236,0.01,0.3138959312438965,0,-30.89842200279236,-1.0
20,AAPL,Satellite,25MAY,2025-05-01,yes,37.10483014583588,0.02,0.34781649708747864,0.37104830145835876,0.01,0.33781649708747863,0,-37.10483014583588,-1.0
21,AAPL,Trump,25MAY,2025-05-01,yes,39.927443861961365,0.02,0.5029991269111633,0.39927443861961365,0.01,0.4929991269111633,0,-39.927443861961365,-1.0
22,AAPL,Regulation / Regulator / Regulatory,25MAY,2025-05-01,yes,45.336684584617615,0.02,0.616328775882721,0.45336684584617615,0.01,0.6063287758827209,0,-45.336684584617615,-1.0
23,AAPL,WWDC,25JUL31,2025-07-31,no,50.88960528373718,0.98,0.5753728151321411,0.5088960528373718,0.99,-0.4146271848678589,1,-50.88960528373718,-1.0
24,AAPL,Severance,25JUL31,2025-07-31,yes,45.97741961479187,0.03,0.515411913394928,0.4597741961479187,0.02,0.49541191339492796,1,1486.6032342116039,32.333333333333336
25,AAPL,iPhone,25JUL31,2025-07-31,no,47.31592535972595,0.97,0.6809984445571899,0.4731592535972595,0.98,-0.29900155544281004,1,-47.31592535972595,-1.0
26,AAPL,M3,25JUL31,2025-07-31,yes,50.59992074966431,0.02,0.45633286237716675,0.5059992074966431,0.01,0.44633286237716674,0,-50.59992074966431,-1.0
27,AAPL,Service,25JUL31,2025-07-31,no,42.35137403011322,0.94,0.6464748382568359,0.4235137403011322,0.95,-0.303525161743164,1,-42.35137403011322,-1.0
28,AAPL,Streaming,25JUL31,2025-07-31,no,43.25682818889618,0.98,0.6513469815254211,0.4325682818889618,0.99,-0.33865301847457885,1,-43.25682818889618,-1.0
29,AAPL,Tariff,25JUL31,2025-07-31,no,40.79863131046295,0.98,0.7710886001586914,0.4079863131046295,0.99,-0.21891139984130858,1,-40.79863131046295,-1.0
30,AAPL,Formula 1 / F1,25JUL31,2025-07-31,no,47.73210287094116,0.98,0.6472162008285522,0.4773210287094116,0.99,-0.34278379917144775,1,-47.73210287094116,-1.0
31,AAPL,Wearable,25JUL31,2025-07-31,no,47.055232524871826,0.91,0.6988642811775208,0.47055232524871826,0.92,-0.2211357188224793,1,-47.055232524871826,-1.0
32,AAPL,iPad,25JUL31,2025-07-31,no,49.755847454071045,0.91,0.7165998220443726,0.49755847454071045,0.92,-0.20340017795562748,1,-49.755847454071045,-1.0
33,AAPL,Mac,25JUL31,2025-07-31,no,39.99163210391998,0.98,0.6457715034484863,0.39991632103919983,0.99,-0.34422849655151366,1,-39.99163210391998,-1.0
34,AAPL,Manufacturing,25JUL31,2025-07-31,no,48.0820894241333,0.98,0.665582001209259,0.480820894241333,0.99,-0.32441799879074096,1,-48.0820894241333,-1.0
35,AAPL,Modem,25JUL31,2025-07-31,yes,39.83267545700073,0.14,0.4594014585018158,0.3983267545700073,0.13,0.3294014585018158,0,-39.83267545700073,-1.0
36,AAPL,Siri,25JUL31,2025-07-31,no,48.03047478199005,0.98,0.7556255459785461,0.4803047478199005,0.99,-0.23437445402145385,1,-48.03047478199005,-1.0
37,AAPL,Vision,25JUL31,2025-07-31,no,50.029098987579346,0.98,0.7051889300346375,0.5002909898757935,0.99,-0.28481106996536254,1,-50.029098987579346,-1.0
38,AAPL,Regulation / regulator / regulatory,25JUL31,2025-07-31,no,53.500235080718994,0.94,0.695447564125061,0.5350023508071899,0.95,-0.2545524358749389,1,-53.500235080718994,-1.0
39,AAPL,China,25JUL31,2025-07-31,no,40.38917124271393,0.89,0.6855140328407288,0.4038917124271393,0.9,-0.21448596715927126,1,-40.38917124271393,-1.0
40,AAPL,Sleep apnea,25JUL31,2025-07-31,yes,47.51191735267639,0.11,0.5286445021629333,0.4751191735267639,0.1,0.42864450216293337,0,-47.51191735267639,-1.0
41,AAPL,iCloud,25JUL31,2025-07-31,no,50.34835338592529,0.89,0.5191724896430969,0.5034835338592529,0.9,-0.3808275103569031,1,-50.34835338592529,-1.0
42,AAPL,Creator,25JUL31,2025-07-31,no,42.79821813106537,0.98,0.5306969285011292,0.4279821813106537,0.99,-0.45930307149887084,0,2097.1126884222012,48.99999999999996
43,AAPL,Intelligence,25JUL31,2025-07-31,no,39.772263169288635,0.98,0.6815893650054932,0.39772263169288635,0.99,-0.3084106349945068,1,-39.772263169288635,-1.0
44,AAPL,Hedge,25JUL31,2025-07-31,yes,33.54203999042511,0.18000000000000002,0.4406723082065582,0.3354203999042511,0.17,0.2706723082065582,0,-33.54203999042511,-1.0
45,AAPL,Streaming,25OCT30,2025-10-30,yes,14.264006912708282,0.02,0.799055278301239,0.14264006912708282,0.01,0.789055278301239,0,-14.264006912708282,-1.0
46,AAPL,Widget,25OCT30,2025-10-30,yes,40.436574816703796,0.02,0.39103963971138,0.40436574816703796,0.01,0.38103963971138,0,-40.436574816703796,-1.0
47,AAPL,Wearable,25OCT30,2025-10-30,no,45.319390296936035,0.98,0.587222695350647,0.45319390296936035,0.99,-0.402777304649353,1,-45.31939029693604,-1.0000000000000002
48,AAPL,The Studio,25OCT30,2025-10-30,no,44.77898180484772,0.98,0.5551645159721375,0.4477898180484772,0.99,-0.43483548402786254,1,-44.77898180484772,-1.0
49,AAPL,Siri,25OCT30,2025-10-30,no,41.32474660873413,0.98,0.6680980324745178,0.4132474660873413,0.99,-0.32190196752548217,1,-41.32474660873413,-1.0
50,AAPL,M3,25OCT30,2025-10-30,yes,41.7977511882782,0.02,0.3658760190010071,0.417977511882782,0.01,0.35587601900100707,0,-41.7977511882782,-1.0
51,AAPL,Manufacturing,25OCT30,2025-10-30,no,47.09165692329407,0.98,0.560687243938446,0.4709165692329407,0.99,-0.42931275606155395,1,-47.09165692329406,-0.9999999999999999
52,AAPL,Formula 1 / F1,25OCT30,2025-10-30,no,51.042842864990234,0.98,0.5977128148078918,0.5104284286499023,0.99,-0.39228718519210815,1,-51.042842864990234,-1.0
53,AAPL,China,25OCT30,2025-10-30,no,32.524728775024414,0.98,0.679257869720459,0.32524728775024414,0.99,-0.310742130279541,1,-32.524728775024414,-1.0
54,AAPL,Apple Intelligence,25OCT30,2025-10-30,no,43.229421973228455,0.98,0.6243840456008911,0.43229421973228455,0.99,-0.3656159543991089,1,-43.229421973228455,-1.0
55,AAPL,Apple Pay,25OCT30,2025-10-30,no,32.116907835006714,0.98,0.6939085125923157,0.32116907835006714,0.99,-0.2960914874076843,1,-32.116907835006714,-1.0
56,AAPL,Modem,25OCT30,2025-10-30,yes,46.48115336894989,0.02,0.41134965419769287,0.4648115336894989,0.01,0.40134965419769286,0,-46.48115336894989,-1.0
57,AAPL,Shutdown / Shut Down,25OCT30,2025-10-30,yes,23.338717222213745,0.02,0.6325492858886719,0.23338717222213745,0.01,0.6225492858886719,0,-23.338717222213745,-1.0
